unified_level_1,unified_level_2,unified_level_3,unified_level_4,unified_level_5
beauty,care | makeup,bath,bomb,
beauty,care | makeup,bath,bubble,
beauty,care | makeup,bath,deodorant,
beauty,care | makeup,bath,salt,
beauty,care | makeup,bath,soap,
beauty,care | makeup,bath,,
beauty,care | makeup,foot,,
beauty,care | makeup,lip | face | eye,alphabet,
beauty,care | makeup,lip | face | eye,blush,
beauty,care | makeup,lip | face | eye,bronzers,
beauty,care | makeup,lip | face | eye,concealers,
beauty,care | makeup,lip | face | eye,eyebrow,
beauty,care | makeup,lip | face | eye,eyeliner | shadow,
beauty,care | makeup,lip | face | eye,false,
beauty,care | makeup,lip | face | eye,foundation,
beauty,care | makeup,lip | face | eye,gloss | lipstick,
beauty,care | makeup,lip | face | eye,lash,
beauty,care | makeup,lip | face | eye,mascara,
beauty,care | makeup,lip | face | eye,plumpers,
beauty,care | makeup,lip | face | eye,powder,
beauty,care | makeup,lip | face | eye,,
beauty,care | makeup,nail,artificial,
beauty,care | makeup,nail,polish,
beauty,care | makeup,nail,,
beauty,care | makeup,skin,,
beauty,care | makeup,temporary,,
beauty,care | makeup,,acne,
beauty,care | makeup,,cleanser,
beauty,care | makeup,,exfoliators,
beauty,care | makeup,,facial,
beauty,care | makeup,,lightening,
beauty,care | makeup,,lip,
beauty,care | makeup,,lotion,
beauty,care | makeup,,medicated,
beauty,care | makeup,,remover,
beauty,care | makeup,,straightening,
beauty,care | makeup,,styling,
beauty,care | makeup,,,
beauty,fragrance,,,
beauty,household,,,
beauty,sexual,,,
beauty,supplement,herbal,,
beauty,supplement,mineral,,
beauty,supplement,nutritional,,
beauty,supplement,vitamin,,
beauty,supplement,,,
beauty,wellness,,,
beauty,,accessibility,walking,
beauty,,accessibility,,
beauty,,acupuncture,,
beauty,,aid,,
beauty,,aid | medical | bed | condom | conductivity,,
beauty,,care | first | massage,,
beauty,,cosmetic,perfume,
beauty,,cosmetic,,anti
beauty,,cosmetic,,makeup
beauty,,cosmetic,,manicure
beauty,,cosmetic,,petroleum
beauty,,cosmetic,,sunscreen
beauty,,cosmetic,,tanning
beauty,,cosmetic,,wart
beauty,,cosmetic,,
beauty,,cotton,,
beauty,,diabetic,,
beauty,,ear,drop,
beauty,,ear,earplug,
beauty,,ear,pick,
beauty,,ear,syrinx,
beauty,,ear,wax,
beauty,,ear,,
beauty,,feminine,,
beauty,,first,,
beauty,,incontinence,,
beauty,,massage,chair,
beauty,,massage,massager,
beauty,,massage,stone,
beauty,,massage,,
beauty,,medication,,
beauty,,mobility,,
beauty,,nutrition,drink,
beauty,,nutrition,gel,
beauty,,nutrition,,
beauty,,occupational,,
beauty,,otc,,
beauty,,respiratory,nebulizer,
beauty,,respiratory,oxygen,
beauty,,respiratory,pap,
beauty,,respiratory,steam,
beauty,,sleep,,
beauty,,smoking,,
beauty,,spa,,
beauty,,support,,
beauty,,,activity,
beauty,,,aftershave,
beauty,,,allergy,
beauty,,,antiseptic,
beauty,,,blood,
beauty,,,breath,
beauty,,,breathalyzer,
beauty,,,cast,
beauty,,,cholesterol,
beauty,,,contact,
beauty,,,denture,
beauty,,,eye | travel,
beauty,,,eyeglass,
beauty,,,eyewear,
beauty,,,gum,
beauty,,,insole,
beauty,,,menstrual,
beauty,,,mouthwash,
beauty,,,orthodontic,
beauty,,,pregnancy,
beauty,,,prenatal,
beauty,,,pulse,
beauty,,,razor,
beauty,,,shampoo,
beauty,,,shaving,
beauty,,,snoring,
beauty,,,styptic,
beauty,,,tampon,
beauty,,,teeth,
beauty,,,toe,
beauty,,,toothbrush,
beauty,,,toothpaste,
beauty,,,toothpick,
beauty,,,urinary,
beauty,,,,curling
beauty,,,,electrolysis
beauty,,,,epilator
beauty,,,,waxing
beauty,,,,
book,calendar,,,
book,carpentry,,,
book,child | young | fiction,action,,
book,child | young | fiction,adult,disability,
book,child | young | fiction,adult,short,
book,child | young | fiction,adult,teen,
book,child | young | fiction,adult,,
book,child | young | fiction,aging | family,,
book,child | young | fiction,animal | reference | game | life | geography,american,
book,child | young | fiction,animal | reference | game | life | geography,archaeology | social,
book,child | young | fiction,animal | reference | game | life | geography,chapter,
book,child | young | fiction,animal | reference | game | life | geography,christian,
book,child | young | fiction,animal | reference | game | life | geography,computer,
book,child | young | fiction,animal | reference | game | life | geography,craft,
book,child | young | fiction,animal | reference | game | life | geography,fish | dinosaur | baby | marine | reptile,
book,child | young | fiction,animal | reference | game | life | geography,friendship | difficult,
book,child | young | fiction,animal | reference | game | life | geography,holocaust,
book,child | young | fiction,animal | reference | game | life | geography,language,
book,child | young | fiction,animal | reference | game | life | geography,law,
book,child | young | fiction,animal | reference | game | life | geography,money | study | almanac,
book,child | young | fiction,animal | reference | game | life | geography,non,
book,child | young | fiction,animal | reference | game | life | geography,physic,
book,child | young | fiction,animal | reference | game | life | geography,puzzle | travel | card,
book,child | young | fiction,animal | reference | game | life | geography,story,
book,child | young | fiction,animal | reference | game | life | geography,,
book,child | young | fiction,comic,,
book,child | young | fiction,criticism,history,
book,child | young | fiction,criticism,literary,
book,child | young | fiction,criticism,,
book,child | young | fiction,drama,,
book,child | young | fiction,fantasy,,
book,child | young | fiction,folk,,
book,child | young | fiction,graphic,biography,
book,child | young | fiction,graphic,dark,
book,child | young | fiction,graphic,horror,
book,child | young | fiction,graphic,novel,
book,child | young | fiction,graphic,shonen,
book,child | young | fiction,mystery,,
book,child | young | fiction,parenting,,
book,child | young | fiction,poetry,,
book,child | young | fiction,romance | romantic,ancient,
book,child | young | fiction,romance | romantic,,
book,child | young | fiction,science,,
book,child | young | fiction,thriller,,
book,child | young | fiction,,classic,
book,child | young | fiction,,erotic | mystery,
book,child | young | fiction,,family,
book,child | young | fiction,,gothic,
book,child | young | fiction,,historical,
book,child | young | fiction,,humorous,
book,child | young | fiction,,lgbtq,
book,child | young | fiction,,medical,
book,child | young | fiction,,metaphysical,
book,child | young | fiction,,mother,
book,child | young | fiction,,native,
book,child | young | fiction,,southern,
book,child | young | fiction,,war,
book,child | young | fiction,,,
book,dvd,film,,
book,dvd,,,
book,education,,,
book,health,alternative,,
book,health,disease,,
book,health,grooming,,
book,health,mental,,
book,health,psychology,,
book,health,recovery,,
book,health,,,
book,manual | magazine,appliance,,
book,manual | magazine,audiobooks,,
book,manual | magazine,electronics,,
book,manual | magazine,model,,
book,manual | magazine,newspaper,,
book,manual | magazine,office,,
book,manual | magazine,print,,
book,manual | magazine,vehicle,,
book,manual | magazine,,,
book,music,cassette,,
book,music,digital,,
book,music,record,,
book,music,spoken,,
book,music,,,
book,religion | christian,bible,,
book,religion | christian,judaism,,
book,religion | christian,literature,,
book,religion | christian,living,,
book,religion | christian,new,,
book,religion | christian,occult,,
book,religion | christian,protestantism,,
book,religion | christian,worship,,
book,religion | christian,,,
book,science | business | law | medical,accounting,,
book,science | business | law | medical,biological | nature | agricultural,anatomy,
book,science | business | law | medical,biological | nature | agricultural,biology,
book,science | business | law | medical,biological | nature | agricultural,cognitive,
book,science | business | law | medical,biological | nature | agricultural,ecology,
book,science | business | law | medical,biological | nature | agricultural,food,
book,science | business | law | medical,biological | nature | agricultural,horticulture,
book,science | business | law | medical,biological | nature | agricultural,natural,
book,science | business | law | medical,biological | nature | agricultural,rock,
book,science | business | law | medical,biological | nature | agricultural,soil,
book,science | business | law | medical,biological | nature | agricultural,,
book,science | business | law | medical,chemistry,,
book,science | business | law | medical,etiquette,,
book,science | business | law | medical,grief,,
book,science | business | law | medical,human | job,,
book,science | business | law | medical,humor | television,computer | history,
book,science | business | law | medical,humor | television,pun,
book,science | business | law | medical,humor | television,screenwriting,
book,science | business | law | medical,humor | television,show,
book,science | business | law | medical,humor | television,,
book,science | business | law | medical,investing | industry | economics,communication,
book,science | business | law | medical,investing | industry | economics,economic | income,
book,science | business | law | medical,investing | industry | economics,energy,
book,science | business | law | medical,investing | industry | economics,green,
book,science | business | law | medical,investing | industry | economics,islamic,
book,science | business | law | medical,investing | industry | economics,online,
book,science | business | law | medical,investing | industry | economics,restaurant,
book,science | business | law | medical,investing | industry | economics,work,
book,science | business | law | medical,investing | industry | economics,,
book,science | business | law | medical,language | encyclopedia,art | fiction,
book,science | business | law | medical,language | encyclopedia,etymology,
book,science | business | law | medical,language | encyclopedia,handwriting,
book,science | business | law | medical,language | encyclopedia,writing,
book,science | business | law | medical,language | encyclopedia,,
book,science | business | law | medical,legal | criminal | constitutional | specialty | environmental,banking,
book,science | business | law | medical,legal | criminal | constitutional | specialty | environmental,enforcement,
book,science | business | law | medical,legal | criminal | constitutional | specialty | environmental,housing,
book,science | business | law | medical,legal | criminal | constitutional | specialty | environmental,litigation,
book,science | business | law | medical,legal | criminal | constitutional | specialty | environmental,procedure,
book,science | business | law | medical,legal | criminal | constitutional | specialty | environmental,right,
book,science | business | law | medical,legal | criminal | constitutional | specialty | environmental,,
book,science | business | law | medical,mathematics,cosmology,
book,science | business | law | medical,mathematics,reference | pure,
book,science | business | law | medical,mathematics,topology,
book,science | business | law | medical,medicine | administration,caries,
book,science | business | law | medical,medicine | administration,chiropractic,
book,science | business | law | medical,medicine | administration,internal,
book,science | business | law | medical,medicine | administration,management,
book,science | business | law | medical,medicine | administration,nursing,
book,science | business | law | medical,medicine | administration,oral,
book,science | business | law | medical,medicine | administration,surgery,
book,science | business | law | medical,medicine | administration,,
book,science | business | law | medical,philosophy,ethic,
book,science | business | law | medical,philosophy,medieval | religious,
book,science | business | law | medical,philosophy,movement,
book,science | business | law | medical,politics,international,
book,science | business | law | medical,politics,policy,
book,science | business | law | medical,politics,specific,
book,science | business | law | medical,puzzle,card,
book,science | business | law | medical,puzzle,crossword,
book,science | business | law | medical,puzzle,gambling,
book,science | business | law | medical,puzzle,logic,
book,science | business | law | medical,puzzle,,
book,science | business | law | medical,self | healthy,love,
book,science | business | law | medical,self | healthy,,
book,science | business | law | medical,social,demographic,
book,science | business | law | medical,social,demography,
book,science | business | law | medical,social,library,
book,science | business | law | medical,social,sociology,
book,science | business | law | medical,social,violence,
book,science | business | law | medical,textbook,finance,
book,science | business | law | medical,textbook,humanity,
book,science | business | law | medical,textbook,,
book,science | business | law | medical,,,
book,store,custom,,
book,store,,,
book,test,,,
book,travel,australian,,
book,travel,automotive,,
book,travel,caribbean,,
book,travel,engineering,,
book,travel,guide,,
book,travel,mexico,,
book,travel,pictorial,,
book,travel,reference,,
book,travel,specialty,adventure,
book,travel,specialty,cruise,
book,travel,specialty,,
book,travel,transportation,,
book,travel,,alaska,
book,travel,,california,
book,travel,,colorado,
book,travel,,florida,
book,travel,,georgia,
book,travel,,hawaii,
book,travel,,ireland,
book,travel,,maryland,
book,travel,,michigan,
book,travel,,missouri,
book,travel,,serbia,
book,travel,,south,
book,travel,,tennessee,
book,travel,,texas,
book,travel,,,
book,wine,baking,,
book,wine,celebrity,,
book,wine,culinary,,
book,wine,diet,,
book,wine,kitchen,,
book,wine,main,,
book,wine,quick,,
book,wine,,,
book,,antique,,
book,,architecture,,
book,,brass,,
book,,care,,
book,,combat,,
book,,computing,,
book,,data,,
book,,database,,
book,,design,,
book,,erotic,,
book,,extreme,,
book,,fashion,,
book,,gardening,,
book,,home,,
book,,individual,,
book,,mace,,
book,,military,,
book,,mountaineering,,
book,,networking,,
book,,nunchucks,,
book,,operating,,
book,,performing,,
book,,pet,,
book,,programming,,
book,,racket,,
book,,sculpture,,
book,,sex,,
book,,spear,,
book,,staff,,
book,,stun,,
book,,sword,,
book,,true,,
book,,whip,,
book,,,ammunition,
book,,,,
camera,accessory,tripod,,
camera,accessory,,,
camera,borescopes,,,
camera,digital | film | surveillance | video,webcam,,
camera,digital | film | surveillance | video,,,
camera,disposable,,,
camera,photography,,,
camera,trail,,,
camera,,darkroom,,
camera,,lens,,
camera,,lighting,,
camera,,optic,,
camera,,part,,
camera,,studio,,
camera,,,gear,
camera,,,strap,
camera,,,,
cell,phone,,,
cell,,,,
hardware | electronics | industrial,abrasive,accessory | mounted,,
hardware | electronics | industrial,abrasive,finishing,,
hardware | electronics | industrial,abrasive,,,
hardware | electronics | industrial,accessory | audio | computer,arcade | machine,,
hardware | electronics | industrial,accessory | audio | computer,cell | smart,,
hardware | electronics | industrial,accessory | audio | computer,client | handheld | tablet | server | laptop,pda,
hardware | electronics | industrial,accessory | audio | computer,client | handheld | tablet | server | laptop,thin | zero,
hardware | electronics | industrial,accessory | audio | computer,client | handheld | tablet | server | laptop,,
hardware | electronics | industrial,accessory | audio | computer,component | player | speaker,boomboxes | jukebox,
hardware | electronics | industrial,accessory | audio | computer,component | player | speaker,center,
hardware | electronics | industrial,accessory | audio | computer,component | player | speaker,direct,
hardware | electronics | industrial,accessory | audio | computer,component | player | speaker,headphone,
hardware | electronics | industrial,accessory | audio | computer,component | player | speaker,mp3,
hardware | electronics | industrial,accessory | audio | computer,component | player | speaker,recorder | system,
hardware | electronics | industrial,accessory | audio | computer,component | player | speaker,stand | microphone | bag | video | satellite,mount
hardware | electronics | industrial,accessory | audio | computer,component | player | speaker,stand | microphone | bag | video | satellite,tactile
hardware | electronics | industrial,accessory | audio | computer,component | player | speaker,stand | microphone | bag | video | satellite,
hardware | electronics | industrial,accessory | audio | computer,component | player | speaker,system,
hardware | electronics | industrial,accessory | audio | computer,component | player | speaker,transmitter,
hardware | electronics | industrial,accessory | audio | computer,component | player | speaker,video,
hardware | electronics | industrial,accessory | audio | computer,component | player | speaker,video | mixer | channel | microphone | studio,
hardware | electronics | industrial,accessory | audio | computer,component | player | speaker,,crossover
hardware | electronics | industrial,accessory | audio | computer,component | player | speaker,,effect
hardware | electronics | industrial,accessory | audio | computer,component | player | speaker,,equalizer
hardware | electronics | industrial,accessory | audio | computer,component | player | speaker,,loudspeaker
hardware | electronics | industrial,accessory | audio | computer,component | player | speaker,,noise
hardware | electronics | industrial,accessory | audio | computer,component | player | speaker,,preamps
hardware | electronics | industrial,accessory | audio | computer,component | player | speaker,,
hardware | electronics | industrial,accessory | audio | computer,component | power | cable | circuit | battery,adapter,
hardware | electronics | industrial,accessory | audio | computer,component | power | cable | circuit | battery,board | breadboard | capacitor | electronic | inductor,inverter | hard | motherboards
hardware | electronics | industrial,accessory | audio | computer,component | power | cable | circuit | battery,board | breadboard | capacitor | electronic | inductor,
hardware | electronics | industrial,accessory | audio | computer,component | power | cable | circuit | battery,car,
hardware | electronics | industrial,accessory | audio | computer,component | power | cable | circuit | battery,charger | adapter | ups | surge | camera,charge
hardware | electronics | industrial,accessory | audio | computer,component | power | cable | circuit | battery,charger | adapter | ups | surge | camera,holder
hardware | electronics | industrial,accessory | audio | computer,component | power | cable | circuit | battery,charger | adapter | ups | surge | camera,phone | general | laptop | mp3
hardware | electronics | industrial,accessory | audio | computer,component | power | cable | circuit | battery,charger | adapter | ups | surge | camera,
hardware | electronics | industrial,accessory | audio | computer,component | power | cable | circuit | battery,device | laptop | part | card | tablet,book | pda
hardware | electronics | industrial,accessory | audio | computer,component | power | cable | circuit | battery,device | laptop | part | card | tablet,drive
hardware | electronics | industrial,accessory | audio | computer,component | power | cable | circuit | battery,device | laptop | part | card | tablet,reader | barcode | game | keyboard | mouse
hardware | electronics | industrial,accessory | audio | computer,component | power | cable | circuit | battery,device | laptop | part | card | tablet,replacement | screen
hardware | electronics | industrial,accessory | audio | computer,component | power | cable | circuit | battery,device | laptop | part | card | tablet,screen
hardware | electronics | industrial,accessory | audio | computer,component | power | cable | circuit | battery,device | laptop | part | card | tablet,screen | housing | replacement
hardware | electronics | industrial,accessory | audio | computer,component | power | cable | circuit | battery,device | laptop | part | card | tablet,
hardware | electronics | industrial,accessory | audio | computer,component | power | cable | circuit | battery,interconnects | video | laptop | adapter | memory,compactflash
hardware | electronics | industrial,accessory | audio | computer,component | power | cable | circuit | battery,interconnects | video | laptop | adapter | memory,decal
hardware | electronics | industrial,accessory | audio | computer,component | power | cable | circuit | battery,interconnects | video | laptop | adapter | memory,firewire
hardware | electronics | industrial,accessory | audio | computer,component | power | cable | circuit | battery,interconnects | video | laptop | adapter | memory,microphone | headset
hardware | electronics | industrial,accessory | audio | computer,component | power | cable | circuit | battery,interconnects | video | laptop | adapter | memory,modem
hardware | electronics | industrial,accessory | audio | computer,component | power | cable | circuit | battery,interconnects | video | laptop | adapter | memory,serial
hardware | electronics | industrial,accessory | audio | computer,component | power | cable | circuit | battery,interconnects | video | laptop | adapter | memory,usb
hardware | electronics | industrial,accessory | audio | computer,component | power | cable | circuit | battery,interconnects | video | laptop | adapter | memory,vga
hardware | electronics | industrial,accessory | audio | computer,component | power | cable | circuit | battery,interconnects | video | laptop | adapter | memory,
hardware | electronics | industrial,accessory | audio | computer,component | power | cable | circuit | battery,jammer,
hardware | electronics | industrial,accessory | audio | computer,component | power | cable | circuit | battery,memory | ram,flash
hardware | electronics | industrial,accessory | audio | computer,component | power | cable | circuit | battery,memory | ram,
hardware | electronics | industrial,accessory | audio | computer,component | power | cable | circuit | battery,splitter,
hardware | electronics | industrial,accessory | audio | computer,component | power | cable | circuit | battery,surge,
hardware | electronics | industrial,accessory | audio | computer,component | power | cable | circuit | battery,tablet,
hardware | electronics | industrial,accessory | audio | computer,component | power | cable | circuit | battery,video | storage | headphone,amp
hardware | electronics | industrial,accessory | audio | computer,component | power | cable | circuit | battery,video | storage | headphone,remote | screen
hardware | electronics | industrial,accessory | audio | computer,component | power | cable | circuit | battery,video | storage | headphone,
hardware | electronics | industrial,accessory | audio | computer,component | power | cable | circuit | battery,wire | antenna | tie | satellite | clip,
hardware | electronics | industrial,accessory | audio | computer,component | power | cable | circuit | battery,,
hardware | electronics | industrial,accessory | audio | computer,ebook,,
hardware | electronics | industrial,accessory | audio | computer,marine,,
hardware | electronics | industrial,accessory | audio | computer,router | network | modem | adapter | concentrators,bridge,
hardware | electronics | industrial,accessory | audio | computer,router | network | modem | adapter | concentrators,voip,
hardware | electronics | industrial,accessory | audio | computer,router | network | modem | adapter | concentrators,wireless,
hardware | electronics | industrial,accessory | audio | computer,router | network | modem | adapter | concentrators,,
hardware | electronics | industrial,accessory | audio | computer,smart,,
hardware | electronics | industrial,accessory | audio | computer,surveillance,,
hardware | electronics | industrial,accessory | audio | computer,telephony | radio,conference,
hardware | electronics | industrial,accessory | audio | computer,telephony | radio,corded,
hardware | electronics | industrial,accessory | audio | computer,telephony | radio,cordless,
hardware | electronics | industrial,accessory | audio | computer,telephony | radio,mobile,
hardware | electronics | industrial,accessory | audio | computer,telephony | radio,satellite,
hardware | electronics | industrial,accessory | audio | computer,telephony | radio,telephone,
hardware | electronics | industrial,accessory | audio | computer,telephony | radio,two,
hardware | electronics | industrial,accessory | audio | computer,telephony | radio,,
hardware | electronics | industrial,accessory | audio | computer,,cable,
hardware | electronics | industrial,accessory | audio | computer,,glass,
hardware | electronics | industrial,accessory | audio | computer,,macro,
hardware | electronics | industrial,accessory | audio | computer,,microscope,
hardware | electronics | industrial,accessory | audio | computer,,overhead,
hardware | electronics | industrial,accessory | audio | computer,,photographic,
hardware | electronics | industrial,accessory | audio | computer,,professional,
hardware | electronics | industrial,accessory | audio | computer,,projector,
hardware | electronics | industrial,accessory | audio | computer,,rewinders,
hardware | electronics | industrial,accessory | audio | computer,,streaming,
hardware | electronics | industrial,accessory | audio | computer,,telescope,
hardware | electronics | industrial,accessory | audio | computer,,television,converter
hardware | electronics | industrial,accessory | audio | computer,,television,monitor
hardware | electronics | industrial,accessory | audio | computer,,television,replacement
hardware | electronics | industrial,accessory | audio | computer,,vcr,
hardware | electronics | industrial,accessory | audio | computer,,,projection
hardware | electronics | industrial,accessory | audio | computer,,,
hardware | electronics | industrial,automation,,,
hardware | electronics | industrial,barrier,fence,,
hardware | electronics | industrial,barrier,garden,,
hardware | electronics | industrial,barrier,gate,,
hardware | electronics | industrial,barrier,lattice,,
hardware | electronics | industrial,barrier,safety,,
hardware | electronics | industrial,barrier,,,
hardware | electronics | industrial,fax,printer,,
hardware | electronics | industrial,fax,scanner,,
hardware | electronics | industrial,fax,,,
hardware | electronics | industrial,key,blank | cap,,
hardware | electronics | industrial,key,lock,,
hardware | electronics | industrial,key,,,
hardware | electronics | industrial,medical | food | retail | handling | agriculture,animal,egg,
hardware | electronics | industrial,medical | food | retail | handling | agriculture,animal,feed,
hardware | electronics | industrial,medical | food | retail | handling | agriculture,animal,livestock,
hardware | electronics | industrial,medical | food | retail | handling | agriculture,animal,,
hardware | electronics | industrial,medical | food | retail | handling | agriculture,bullion,,
hardware | electronics | industrial,medical | food | retail | handling | agriculture,cabinet | shelving | shipping | wire,,
hardware | electronics | industrial,medical | food | retail | handling | agriculture,chair | hairdressing,,
hardware | electronics | industrial,medical | food | retail | handling | agriculture,chippers,,
hardware | electronics | industrial,medical | food | retail | handling | agriculture,conveyor | pallet,,
hardware | electronics | industrial,medical | food | retail | handling | agriculture,cuff | metal,,
hardware | electronics | industrial,medical | food | retail | handling | agriculture,dental,dappen,
hardware | electronics | industrial,medical | food | retail | handling | agriculture,dental,mirror,
hardware | electronics | industrial,medical | food | retail | handling | agriculture,dental,prophy,
hardware | electronics | industrial,medical | food | retail | handling | agriculture,dental,,
hardware | electronics | industrial,medical | food | retail | handling | agriculture,disposable | container | service | plate | bakery,bowl | cutlery,
hardware | electronics | industrial,medical | food | retail | handling | agriculture,disposable | container | service | plate | bakery,cup,
hardware | electronics | industrial,medical | food | retail | handling | agriculture,disposable | container | service | plate | bakery,serving,
hardware | electronics | industrial,medical | food | retail | handling | agriculture,disposable | container | service | plate | bakery,,
hardware | electronics | industrial,medical | food | retail | handling | agriculture,equipment | supply | furniture,disposable | finger,
hardware | electronics | industrial,medical | food | retail | handling | agriculture,equipment | supply | furniture,forceps,
hardware | electronics | industrial,medical | food | retail | handling | agriculture,equipment | supply | furniture,gait,
hardware | electronics | industrial,medical | food | retail | handling | agriculture,equipment | supply | furniture,ostomy,
hardware | electronics | industrial,medical | food | retail | handling | agriculture,equipment | supply | furniture,otoscope | stethoscope,
hardware | electronics | industrial,medical | food | retail | handling | agriculture,equipment | supply | furniture,reflex,
hardware | electronics | industrial,medical | food | retail | handling | agriculture,equipment | supply | furniture,scalpel,
hardware | electronics | industrial,medical | food | retail | handling | agriculture,equipment | supply | furniture,stretcher | patient,
hardware | electronics | industrial,medical | food | retail | handling | agriculture,equipment | supply | furniture,surgical,
hardware | electronics | industrial,medical | food | retail | handling | agriculture,equipment | supply | furniture,table | homecare,
hardware | electronics | industrial,medical | food | retail | handling | agriculture,equipment | supply | furniture,tongue,
hardware | electronics | industrial,medical | food | retail | handling | agriculture,equipment | supply | furniture,vital | automated,
hardware | electronics | industrial,medical | food | retail | handling | agriculture,equipment | supply | furniture,,
hardware | electronics | industrial,medical | food | retail | handling | agriculture,lift,hoist,
hardware | electronics | industrial,medical | food | retail | handling | agriculture,lift,jack | personnel,
hardware | electronics | industrial,medical | food | retail | handling | agriculture,lift,winch,
hardware | electronics | industrial,medical | food | retail | handling | agriculture,lift,,
hardware | electronics | industrial,medical | food | retail | handling | agriculture,money | display,banknote,
hardware | electronics | industrial,medical | food | retail | handling | agriculture,money | display,cash,
hardware | electronics | industrial,medical | food | retail | handling | agriculture,money | display,changer,
hardware | electronics | industrial,medical | food | retail | handling | agriculture,money | display,coin,
hardware | electronics | industrial,medical | food | retail | handling | agriculture,money | display,deposit,
hardware | electronics | industrial,medical | food | retail | handling | agriculture,money | display,terminal,
hardware | electronics | industrial,medical | food | retail | handling | agriculture,money | display,,
hardware | electronics | industrial,medical | food | retail | handling | agriculture,surveying | traffic,,
hardware | electronics | industrial,medical | food | retail | handling | agriculture,trade | brochure,,
hardware | electronics | industrial,medical | food | retail | handling | agriculture,,,
hardware | electronics | industrial,office | supply,accessory | mail | organizer | writing | label,account,
hardware | electronics | industrial,office | supply,accessory | mail | organizer | writing | label,badge,
hardware | electronics | industrial,office | supply,accessory | mail | organizer | writing | label,business,
hardware | electronics | industrial,office | supply,accessory | mail | organizer | writing | label,file,
hardware | electronics | industrial,office | supply,accessory | mail | organizer | writing | label,holder | desk | platform,
hardware | electronics | industrial,office | supply,accessory | mail | organizer | writing | label,index,
hardware | electronics | industrial,office | supply,accessory | mail | organizer | writing | label,inkjet,
hardware | electronics | industrial,office | supply,accessory | mail | organizer | writing | label,mailing | mailer | postal,booklet
hardware | electronics | industrial,office | supply,accessory | mail | organizer | writing | label,mailing | mailer | postal,tube
hardware | electronics | industrial,office | supply,accessory | mail | organizer | writing | label,mailing | mailer | postal,
hardware | electronics | industrial,office | supply,accessory | mail | organizer | writing | label,material | classroom,
hardware | electronics | industrial,office | supply,accessory | mail | organizer | writing | label,modular,
hardware | electronics | industrial,office | supply,accessory | mail | organizer | writing | label,pad | school,
hardware | electronics | industrial,office | supply,accessory | mail | organizer | writing | label,pen,
hardware | electronics | industrial,office | supply,accessory | mail | organizer | writing | label,planner,
hardware | electronics | industrial,office | supply,accessory | mail | organizer | writing | label,ring,
hardware | electronics | industrial,office | supply,accessory | mail | organizer | writing | label,staple,
hardware | electronics | industrial,office | supply,accessory | mail | organizer | writing | label,sticker,
hardware | electronics | industrial,office | supply,accessory | mail | organizer | writing | label,technical,
hardware | electronics | industrial,office | supply,accessory | mail | organizer | writing | label,,
hardware | electronics | industrial,office | supply,binding | card | organizer | folder | file,binder,sheet
hardware | electronics | industrial,office | supply,binding | card | organizer | folder | file,binder,
hardware | electronics | industrial,office | supply,binding | card | organizer | folder | file,comb,
hardware | electronics | industrial,office | supply,binding | card | organizer | folder | file,padfolios | portfolio,
hardware | electronics | industrial,office | supply,binding | card | organizer | folder | file,pocket,
hardware | electronics | industrial,office | supply,binding | card | organizer | folder | file,report,
hardware | electronics | industrial,office | supply,binding | card | organizer | folder | file,,
hardware | electronics | industrial,office | supply,board | easel | chalkboard | document | laser,bulletin,
hardware | electronics | industrial,office | supply,board | easel | chalkboard | document | laser,mounting,
hardware | electronics | industrial,office | supply,board | easel | chalkboard | document | laser,poster,
hardware | electronics | industrial,office | supply,board | easel | chalkboard | document | laser,,
hardware | electronics | industrial,office | supply,packing | moving,,
hardware | electronics | industrial,office | supply,paper | fingertip | hole | paperweight,,
hardware | electronics | industrial,office | supply,paper | label | calculator | tape | brass,basic | construction | financial | graphing | scientific,
hardware | electronics | industrial,office | supply,paper | label | calculator | tape | brass,card | business | receipt | binder | check,
hardware | electronics | industrial,office | supply,paper | label | calculator | tape | brass,clip,
hardware | electronics | industrial,office | supply,paper | label | calculator | tape | brass,correction,
hardware | electronics | industrial,office | supply,paper | label | calculator | tape | brass,shipping | address | folder | clip,
hardware | electronics | industrial,office | supply,paper | label | calculator | tape | brass,,
hardware | electronics | industrial,office | supply,printer | accessory | telephone,typewriter,
hardware | electronics | industrial,office | supply,printer | accessory | telephone,,
hardware | electronics | industrial,office | supply,rack | cart | cushion,back,
hardware | electronics | industrial,office | supply,rack | cart | cushion,storage | display,
hardware | electronics | industrial,office | supply,rack | cart | cushion,,
hardware | electronics | industrial,office | supply,writing | pencil | call | clipboard,crayon,
hardware | electronics | industrial,office | supply,writing | pencil | call | clipboard,highlighter,
hardware | electronics | industrial,office | supply,writing | pencil | call | clipboard,lead,
hardware | electronics | industrial,office | supply,writing | pencil | call | clipboard,marker,
hardware | electronics | industrial,office | supply,writing | pencil | call | clipboard,multifunction,
hardware | electronics | industrial,office | supply,writing | pencil | call | clipboard,pastel,
hardware | electronics | industrial,office | supply,writing | pencil | call | clipboard,refill,
hardware | electronics | industrial,office | supply,writing | pencil | call | clipboard,,
hardware | electronics | industrial,office | supply,,,
hardware | electronics | industrial,product | material | power | component | fastener,bearing,,
hardware | electronics | industrial,product | material | power | component | fastener,bolt | screw,carriage | slot,
hardware | electronics | industrial,product | material | power | component | fastener,bolt | screw,collated,
hardware | electronics | industrial,product | material | power | component | fastener,bolt | screw,expansion,
hardware | electronics | industrial,product | material | power | component | fastener,bolt | screw,eye,
hardware | electronics | industrial,product | material | power | component | fastener,bolt | screw,socket,
hardware | electronics | industrial,product | material | power | component | fastener,bolt | screw,square,
hardware | electronics | industrial,product | material | power | component | fastener,bolt | screw,,
hardware | electronics | industrial,product | material | power | component | fastener,caulk | sealant | retaining,,
hardware | electronics | industrial,product | material | power | component | fastener,clutch,,
hardware | electronics | industrial,product | material | power | component | fastener,collar,,
hardware | electronics | industrial,product | material | power | component | fastener,interconnects,,
hardware | electronics | industrial,product | material | power | component | fastener,knob | hook | hinge,cam,
hardware | electronics | industrial,product | material | power | component | fastener,knob | hook | hinge,knurled | strap,
hardware | electronics | industrial,product | material | power | component | fastener,knob | hook | hinge,screw,
hardware | electronics | industrial,product | material | power | component | fastener,lifting | transport | caster,conveyor,
hardware | electronics | industrial,product | material | power | component | fastener,lifting | transport | caster,hand | service,
hardware | electronics | industrial,product | material | power | component | fastener,lifting | transport | caster,jack,
hardware | electronics | industrial,product | material | power | component | fastener,lifting | transport | caster,rare,
hardware | electronics | industrial,product | material | power | component | fastener,lifting | transport | caster,stem,
hardware | electronics | industrial,product | material | power | component | fastener,lifting | transport | caster,,
hardware | electronics | industrial,product | material | power | component | fastener,lockout,,
hardware | electronics | industrial,product | material | power | component | fastener,mechanical,belt,
hardware | electronics | industrial,product | material | power | component | fastener,mechanical,shock,
hardware | electronics | industrial,product | material | power | component | fastener,mechanical,worm,
hardware | electronics | industrial,product | material | power | component | fastener,mechanical,,
hardware | electronics | industrial,product | material | power | component | fastener,milling | boring,end,
hardware | electronics | industrial,product | material | power | component | fastener,milling | boring,,
hardware | electronics | industrial,product | material | power | component | fastener,raw,aluminum,
hardware | electronics | industrial,product | material | power | component | fastener,raw,carbon,
hardware | electronics | industrial,product | material | power | component | fastener,raw,laminate,
hardware | electronics | industrial,product | material | power | component | fastener,raw,rubber,
hardware | electronics | industrial,product | material | power | component | fastener,raw,,
hardware | electronics | industrial,product | material | power | component | fastener,safety | hazardous | emergency,,
hardware | electronics | industrial,product | material | power | component | fastener,spacers,,
hardware | electronics | industrial,product | material | power | component | fastener,tap,,
hardware | electronics | industrial,product | material | power | component | fastener,threaded,,
hardware | electronics | industrial,product | material | power | component | fastener,workholding,,
hardware | electronics | industrial,product | material | power | component | fastener,,acceleration,
hardware | electronics | industrial,product | material | power | component | fastener,,memory,
hardware | electronics | industrial,product | material | power | component | fastener,,transformer,
hardware | electronics | industrial,product | material | power | component | fastener,,transistor,
hardware | electronics | industrial,product | material | power | component | fastener,,,
hardware | electronics | industrial,signage,facility,,
hardware | electronics | industrial,signage,open,,
hardware | electronics | industrial,signage,parking,,
hardware | electronics | industrial,signage,retail,,
hardware | electronics | industrial,signage,road,,
hardware | electronics | industrial,signage,security,,
hardware | electronics | industrial,signage,sidewalk,,
hardware | electronics | industrial,signage,sign,,
hardware | electronics | industrial,signage,,,
hardware | electronics | industrial,software,antivirus,,
hardware | electronics | industrial,software,business | educational | office,,
hardware | electronics | industrial,software,compiler,,
hardware | electronics | industrial,software,desktop,,
hardware | electronics | industrial,software,dictionary,,
hardware | electronics | industrial,software,document,,
hardware | electronics | industrial,software,financial,,
hardware | electronics | industrial,software,font,,
hardware | electronics | industrial,software,gps,,
hardware | electronics | industrial,software,handheld,,
hardware | electronics | industrial,software,network,,
hardware | electronics | industrial,software,restore,,
hardware | electronics | industrial,software,stock,,
hardware | electronics | industrial,software,virtual,,
hardware | electronics | industrial,software,,editing,
hardware | electronics | industrial,software,,medium,
hardware | electronics | industrial,software,,modeling,
hardware | electronics | industrial,software,,sound,
hardware | electronics | industrial,software,,web,
hardware | electronics | industrial,software,,,
hardware | electronics | industrial,supply | laboratory,apparel,,
hardware | electronics | industrial,supply | laboratory,carton,,
hardware | electronics | industrial,supply | laboratory,commercial,,
hardware | electronics | industrial,supply | laboratory,dental | orthodontic,barrier | towel,
hardware | electronics | industrial,supply | laboratory,dental | orthodontic,desensitizers,
hardware | electronics | industrial,supply | laboratory,dental | orthodontic,dispensing,
hardware | electronics | industrial,supply | laboratory,dental | orthodontic,matrix,
hardware | electronics | industrial,supply | laboratory,dental | orthodontic,spring,
hardware | electronics | industrial,supply | laboratory,dental | orthodontic,whitening,
hardware | electronics | industrial,supply | laboratory,dental | orthodontic,,
hardware | electronics | industrial,supply | laboratory,equipment | commercial,food | cooking,
hardware | electronics | industrial,supply | laboratory,equipment | commercial,refrigeration,
hardware | electronics | industrial,supply | laboratory,equipment | commercial,,
hardware | electronics | industrial,supply | laboratory,equipment | test | biochemicals,autoclave,
hardware | electronics | industrial,supply | laboratory,equipment | test | biochemicals,beaker,
hardware | electronics | industrial,supply | laboratory,equipment | test | biochemicals,blender | oven,
hardware | electronics | industrial,supply | laboratory,equipment | test | biochemicals,centrifuge,
hardware | electronics | industrial,supply | laboratory,equipment | test | biochemicals,dry | freeze | freezer,
hardware | electronics | industrial,supply | laboratory,equipment | test | biochemicals,flask,
hardware | electronics | industrial,supply | laboratory,equipment | test | biochemicals,funnel,
hardware | electronics | industrial,supply | laboratory,equipment | test | biochemicals,graduated,
hardware | electronics | industrial,supply | laboratory,equipment | test | biochemicals,hot,
hardware | electronics | industrial,supply | laboratory,equipment | test | biochemicals,microtome,
hardware | electronics | industrial,supply | laboratory,equipment | test | biochemicals,petri,
hardware | electronics | industrial,supply | laboratory,equipment | test | biochemicals,pipette,
hardware | electronics | industrial,supply | laboratory,equipment | test | biochemicals,spectrometer,
hardware | electronics | industrial,supply | laboratory,equipment | test | biochemicals,wash,
hardware | electronics | industrial,supply | laboratory,equipment | test | biochemicals,,
hardware | electronics | industrial,supply | laboratory,label,,
hardware | electronics | industrial,supply | laboratory,packaging,,
hardware | electronics | industrial,supply | laboratory,science | microscope,,
hardware | electronics | industrial,supply | laboratory,shrink,,
hardware | electronics | industrial,supply | laboratory,sterilization,,
hardware | electronics | industrial,supply | laboratory,tabletop,,
hardware | electronics | industrial,supply | laboratory,,electrosurgery,
hardware | electronics | industrial,supply | laboratory,,medical | surgical,
hardware | electronics | industrial,supply | laboratory,,otoscope | medical,
hardware | electronics | industrial,supply | laboratory,,wound,
hardware | electronics | industrial,supply | laboratory,,,
hardware | electronics | industrial,tattooing,piercing,,
hardware | electronics | industrial,tattooing,,,
hardware | electronics | industrial,tool | accessory | plumbing,chemical,acid,
hardware | electronics | industrial,tool | accessory | plumbing,chemical,ammonia,
hardware | electronics | industrial,tool | accessory | plumbing,chemical,electrical,
hardware | electronics | industrial,tool | accessory | plumbing,chemical,icers,
hardware | electronics | industrial,tool | accessory | plumbing,chemical,lighter,
hardware | electronics | industrial,tool | accessory | plumbing,chemical,septic,
hardware | electronics | industrial,tool | accessory | plumbing,chemical,,
hardware | electronics | industrial,tool | accessory | plumbing,conduit,,
hardware | electronics | industrial,tool | accessory | plumbing,consumables,brick,
hardware | electronics | industrial,tool | accessory | plumbing,consumables,cement,
hardware | electronics | industrial,tool | accessory | plumbing,consumables,grout,
hardware | electronics | industrial,tool | accessory | plumbing,consumables,primer,
hardware | electronics | industrial,tool | accessory | plumbing,consumables,stain,
hardware | electronics | industrial,tool | accessory | plumbing,consumables,varnish,
hardware | electronics | industrial,tool | accessory | plumbing,consumables,,
hardware | electronics | industrial,tool | accessory | plumbing,door | roofing | window | wall | countertop,bell | closer | frame | keyhole | knob,
hardware | electronics | industrial,tool | accessory | plumbing,door | roofing | window | wall | countertop,crank | frame,
hardware | electronics | industrial,tool | accessory | plumbing,door | roofing | window | wall | countertop,gutter | roof,
hardware | electronics | industrial,tool | accessory | plumbing,door | roofing | window | wall | countertop,,
hardware | electronics | industrial,tool | accessory | plumbing,electrical | power | wire | panel | extension,switch,
hardware | electronics | industrial,tool | accessory | plumbing,electrical | power | wire | panel | extension,,
hardware | electronics | industrial,tool | accessory | plumbing,fastener | chain | cabinet | storage | hose,bungee | pull | rope | tie | twine,
hardware | electronics | industrial,tool | accessory | plumbing,fastener | chain | cabinet | storage | hose,connector | gear | lifting,
hardware | electronics | industrial,tool | accessory | plumbing,fastener | chain | cabinet | storage | hose,furniture | backplate | catch | door,
hardware | electronics | industrial,tool | accessory | plumbing,fastener | chain | cabinet | storage | hose,garden | equipment | bag | box | chest,
hardware | electronics | industrial,tool | accessory | plumbing,fastener | chain | cabinet | storage | hose,screw | drywall | nail | nut | rivet,
hardware | electronics | industrial,tool | accessory | plumbing,fastener | chain | cabinet | storage | hose,,
hardware | electronics | industrial,tool | accessory | plumbing,fixture,bathroom | bathtub | shower,
hardware | electronics | industrial,tool | accessory | plumbing,fixture,bathtub,
hardware | electronics | industrial,tool | accessory | plumbing,fixture,drain,frame | liner
hardware | electronics | industrial,tool | accessory | plumbing,fixture,drain,opener
hardware | electronics | industrial,tool | accessory | plumbing,fixture,drain,rod
hardware | electronics | industrial,tool | accessory | plumbing,fixture,drain,trap
hardware | electronics | industrial,tool | accessory | plumbing,fixture,drain,waste
hardware | electronics | industrial,tool | accessory | plumbing,fixture,drain,
hardware | electronics | industrial,tool | accessory | plumbing,fixture,faucet,
hardware | electronics | industrial,tool | accessory | plumbing,fixture,gasket,
hardware | electronics | industrial,tool | accessory | plumbing,fixture,nozzle,
hardware | electronics | industrial,tool | accessory | plumbing,fixture,pipe | flange,
hardware | electronics | industrial,tool | accessory | plumbing,fixture,shower,arm
hardware | electronics | industrial,tool | accessory | plumbing,fixture,shower,base | head
hardware | electronics | industrial,tool | accessory | plumbing,fixture,shower,column
hardware | electronics | industrial,tool | accessory | plumbing,fixture,shower,door
hardware | electronics | industrial,tool | accessory | plumbing,fixture,shower,electric
hardware | electronics | industrial,tool | accessory | plumbing,fixture,shower,
hardware | electronics | industrial,tool | accessory | plumbing,fixture,sink,
hardware | electronics | industrial,tool | accessory | plumbing,fixture,sink | faucet,
hardware | electronics | industrial,tool | accessory | plumbing,fixture,toilet,
hardware | electronics | industrial,tool | accessory | plumbing,fixture,wall,
hardware | electronics | industrial,tool | accessory | plumbing,fixture,,ballcock
hardware | electronics | industrial,tool | accessory | plumbing,fixture,,bidet
hardware | electronics | industrial,tool | accessory | plumbing,fixture,,
hardware | electronics | industrial,tool | accessory | plumbing,flashlight | light,headlamp,
hardware | electronics | industrial,tool | accessory | plumbing,flashlight | light,,
hardware | electronics | industrial,tool | accessory | plumbing,glue | tape | lubricant | primer | protective,,
hardware | electronics | industrial,tool | accessory | plumbing,kerosene | home,clear | dyed,
hardware | electronics | industrial,tool | accessory | plumbing,kerosene | home,,
hardware | electronics | industrial,tool | accessory | plumbing,ladder,cart,
hardware | electronics | industrial,tool | accessory | plumbing,ladder,scaffolding,
hardware | electronics | industrial,tool | accessory | plumbing,ladder,step,
hardware | electronics | industrial,tool | accessory | plumbing,ladder,,
hardware | electronics | industrial,tool | accessory | plumbing,mattock,,
hardware | electronics | industrial,tool | accessory | plumbing,measuring | saw | cutter | masonry | drill,auger | press | handheld | mortisers | pneumatic,
hardware | electronics | industrial,tool | accessory | plumbing,measuring | saw | cutter | masonry | drill,band | cut | hand | handheld | jigsaw,
hardware | electronics | industrial,tool | accessory | plumbing,measuring | saw | cutter | masonry | drill,bolt | glass | handheld | nipper | pipe,
hardware | electronics | industrial,tool | accessory | plumbing,measuring | saw | cutter | masonry | drill,hammer,
hardware | electronics | industrial,tool | accessory | plumbing,measuring | saw | cutter | masonry | drill,meter | level | altimeter | anemometer | barometer,bubble | laser | sight
hardware | electronics | industrial,tool | accessory | plumbing,measuring | saw | cutter | masonry | drill,meter | level | altimeter | anemometer | barometer,
hardware | electronics | industrial,tool | accessory | plumbing,measuring | saw | cutter | masonry | drill,rivet,
hardware | electronics | industrial,tool | accessory | plumbing,measuring | saw | cutter | masonry | drill,trowel | brick | cement | construction | float,
hardware | electronics | industrial,tool | accessory | plumbing,measuring | saw | cutter | masonry | drill,,
hardware | electronics | industrial,tool | accessory | plumbing,paint,airbrush,
hardware | electronics | industrial,tool | accessory | plumbing,paint,brush,
hardware | electronics | industrial,tool | accessory | plumbing,paint,edger,
hardware | electronics | industrial,tool | accessory | plumbing,paint,shaker | sprayer,
hardware | electronics | industrial,tool | accessory | plumbing,paint,sponge,
hardware | electronics | industrial,tool | accessory | plumbing,paint,strainer,
hardware | electronics | industrial,tool | accessory | plumbing,paint,tray,
hardware | electronics | industrial,tool | accessory | plumbing,paint,,
hardware | electronics | industrial,tool | accessory | plumbing,pump,,
hardware | electronics | industrial,tool | accessory | plumbing,saw | drill | hammer | measuring | paint,air | handle | head,
hardware | electronics | industrial,tool | accessory | plumbing,saw | drill | hammer | measuring | paint,airbrush | brush | roller,
hardware | electronics | industrial,tool | accessory | plumbing,saw | drill | hammer | measuring | paint,axe,
hardware | electronics | industrial,tool | accessory | plumbing,saw | drill | hammer | measuring | paint,band | handheld | jigsaw | miter,
hardware | electronics | industrial,tool | accessory | plumbing,saw | drill | hammer | measuring | paint,bit | chuck | stand,
hardware | electronics | industrial,tool | accessory | plumbing,saw | drill | hammer | measuring | paint,electrical | gas | scale,
hardware | electronics | industrial,tool | accessory | plumbing,saw | drill | hammer | measuring | paint,grinding,
hardware | electronics | industrial,tool | accessory | plumbing,saw | drill | hammer | measuring | paint,nibbler | shaper,
hardware | electronics | industrial,tool | accessory | plumbing,saw | drill | hammer | measuring | paint,router,
hardware | electronics | industrial,tool | accessory | plumbing,saw | drill | hammer | measuring | paint,sandblasting,
hardware | electronics | industrial,tool | accessory | plumbing,saw | drill | hammer | measuring | paint,sandpaper,
hardware | electronics | industrial,tool | accessory | plumbing,saw | drill | hammer | measuring | paint,soldering,
hardware | electronics | industrial,tool | accessory | plumbing,saw | drill | hammer | measuring | paint,stand,
hardware | electronics | industrial,tool | accessory | plumbing,saw | drill | hammer | measuring | paint,,
hardware | electronics | industrial,tool | accessory | plumbing,,line,
hardware | electronics | industrial,tool | accessory | plumbing,,,
hardware | electronics | industrial,,bullet,,
hardware | electronics | industrial,,calibration,,
hardware | electronics | industrial,,compressed,,
hardware | electronics | industrial,,control,,
hardware | electronics | industrial,,dimensional,,
hardware | electronics | industrial,,dryer,,
hardware | electronics | industrial,,fitting,,
hardware | electronics | industrial,,freezer,,
hardware | electronics | industrial,,gas,,
hardware | electronics | industrial,,hardhats,,
hardware | electronics | industrial,,hazardous,,
hardware | electronics | industrial,,hose,,
hardware | electronics | industrial,,hvac,,
hardware | electronics | industrial,,hydraulic,,
hardware | electronics | industrial,,lab,,
hardware | electronics | industrial,,mask,,
hardware | electronics | industrial,,motion,,
hardware | electronics | industrial,,refrigerator,,
hardware | electronics | industrial,,scale,,
hardware | electronics | industrial,,seal,,
hardware | electronics | industrial,,substance,,
hardware | electronics | industrial,,temperature,,
hardware | electronics | industrial,,vent,,
hardware | electronics | industrial,,washer,,
hardware | electronics | industrial,,welding,,
hardware | electronics | industrial,,,,
instrument | vinyl,amplifier,,,
instrument | vinyl,band | brass,baritone,,
instrument | vinyl,band | brass,trumpet,,
instrument | vinyl,band | brass,tuba | trombone,,
instrument | vinyl,band | brass,wind,,
instrument | vinyl,band | brass,,,
instrument | vinyl,country,,,
instrument | vinyl,drum,marching | hand,,
instrument | vinyl,drum,,,
instrument | vinyl,guitar,,,
instrument | vinyl,karaoke,,,
instrument | vinyl,microphone,,,
instrument | vinyl,piano,,,
instrument | vinyl,pro,,,
instrument | vinyl,recording,mastering,,
instrument | vinyl,recording,multitrack,,
instrument | vinyl,recording,processor,,
instrument | vinyl,recording,,,
instrument | vinyl,stage,powered,,
instrument | vinyl,stage,speaker,,
instrument | vinyl,stage,,,
instrument | vinyl,,broadway,,
instrument | vinyl,,funk,,
instrument | vinyl,,indie,,
instrument | vinyl,,jazz,,
instrument | vinyl,,keyboard,,
instrument | vinyl,,latin,,
instrument | vinyl,,metal,,
instrument | vinyl,,opera,,
instrument | vinyl,,orchestral,,
instrument | vinyl,,rap,,
instrument | vinyl,,soundtrack,,
instrument | vinyl,,woodwind,,
instrument | vinyl,,,,
religious,item,,,
religious,memorial,,,
religious,wedding,,,
religious,,,,
sporting,athletics,,,
sporting,emergency,blanket,,
sporting,emergency,earthquake,,
sporting,emergency,kit,,
sporting,indoor,,,
sporting,outdoor,camping,,
sporting,outdoor,climbing,,
sporting,outdoor,cycling,,
sporting,outdoor,equipment,,
sporting,outdoor,hiking,,
sporting,outdoor,recreation,,
sporting,outdoor,skate,,
sporting,outdoor,water,diving,
sporting,outdoor,water,,
sporting,outdoor,,kayaking,
sporting,outdoor,,waterskiing,
sporting,outdoor,,,
sporting,sport,fan,,
sporting,sport,,,
sporting,,aerobic,,
sporting,,air,,
sporting,,airsoft,,
sporting,,american | soccer,corner,
sporting,,american | soccer,,
sporting,,archery,,
sporting,,baseball,softball,
sporting,,baseball,,
sporting,,basketball,hoop,
sporting,,basketball,jersey,
sporting,,basketball,,
sporting,,billiards,,
sporting,,boating,sailing,
sporting,,boating,,
sporting,,bowling,,
sporting,,boy,,
sporting,,broomball,broom | broomballs,
sporting,,broomball,,
sporting,,cardio,elliptical,
sporting,,cardio,jump,
sporting,,cardio,machine,
sporting,,cardio,rowing,
sporting,,cardio,stair,
sporting,,cardio,treadmill,
sporting,,cardio,,
sporting,,cheerleading,pom,
sporting,,cheerleading,training,
sporting,,cheerleading,,
sporting,,coaching,flag,
sporting,,coaching,pitch,
sporting,,coaching,scoreboard,
sporting,,coaching,umpire,
sporting,,coaching,,
sporting,,cricket,bat,
sporting,,cricket,set,
sporting,,cricket,stump,
sporting,,cricket,,
sporting,,dance,baby,
sporting,,dance,dancewear,
sporting,,dance,leotard,
sporting,,dance,,
sporting,,dancing,,
sporting,,dart,,
sporting,,disc,,
sporting,,equestrian,horse,
sporting,,equestrian,,
sporting,,exercise,balance,
sporting,,exercise,fitness,
sporting,,exercise,strength,
sporting,,exercise,,
sporting,,exercise | exerciser,,
sporting,,fencing,weapon,
sporting,,fencing,,
sporting,,fishing,,
sporting,,foam,,
sporting,,foosball,,
sporting,,football | soccer,dummy,
sporting,,football | soccer,glove,
sporting,,football | soccer,kicking,
sporting,,football | soccer,,
sporting,,game,arcade,
sporting,,game,table,
sporting,,game,,
sporting,,general,athletic,
sporting,,general,elevation,
sporting,,general,mouth,
sporting,,general,reflective,
sporting,,general,stadium,
sporting,,general,,
sporting,,girl,,
sporting,,golf,ball,
sporting,,golf,club,
sporting,,golf,course,
sporting,,golf,,
sporting,,gymnastics,bar | ring,
sporting,,gymnastics,floor,
sporting,,gymnastics,grip,
sporting,,gymnastics,springboard,
sporting,,gymnastics,,
sporting,,hand,,
sporting,,handball,,
sporting,,hang,,
sporting,,hunting,,
sporting,,hydration,,
sporting,,inline,,
sporting,,inversion,,
sporting,,kite,,
sporting,,lacrosse,goal,
sporting,,lacrosse,stick,
sporting,,lacrosse,,
sporting,,martial,art,
sporting,,martial,boxing,
sporting,,martial,,
sporting,,men,,
sporting,,multi,,
sporting,,other,,
sporting,,paintball,,
sporting,,pilate,,
sporting,,ping,,
sporting,,power,,
sporting,,push,,
sporting,,referee,captain,
sporting,,referee,flip,
sporting,,referee,linesman,
sporting,,referee,megaphone,
sporting,,referee,penalty,
sporting,,referee,score,
sporting,,referee,stand | wallet,
sporting,,referee,uniform,
sporting,,referee,whistle,
sporting,,roller,skating,
sporting,,roller,ski,
sporting,,roller,,
sporting,,rugby,post,
sporting,,rugby,,
sporting,,running,,
sporting,,shooting,,
sporting,,skateboarding,skateboard,
sporting,,skateboarding,,
sporting,,skydiving,complete,
sporting,,skydiving,suit,
sporting,,skydiving,,
sporting,,speed,,
sporting,,stopwatch,,
sporting,,swimming,,
sporting,,team,football,
sporting,,team,ice,
sporting,,team,,
sporting,,tennis,,
sporting,,tennis | racquetball,squash,
sporting,,tennis | racquetball,,
sporting,,throwing,,
sporting,,track,discus,
sporting,,track,field,
sporting,,track,high,
sporting,,track,hurdle,
sporting,,track,javelin,
sporting,,track,shot,
sporting,,track,starting,
sporting,,track,vaulting,
sporting,,track,,
sporting,,trainer,,
sporting,,vibration,,
sporting,,volleyball,net,
sporting,,volleyball,,
sporting,,weight,bar,
sporting,,weight,dumbbell,
sporting,,weight,free,
sporting,,weight,kettlebells,
sporting,,weight,lifting,
sporting,,weight,medicine,
sporting,,weight,plate,
sporting,,weight,weighted,
sporting,,weight,,
sporting,,wheel,,
sporting,,winter,avalanche,
sporting,,winter,,
sporting,,woman,,
sporting,,wrestling,mat,
sporting,,wrestling,,
sporting,,yoga,,
sporting,,,altitude,
sporting,,,arrow,
sporting,,,badminton,
sporting,,,bait,hard | soft
sporting,,,bait,jig
sporting,,,bait,live
sporting,,,bait,lure
sporting,,,bait,spinnerbaits
sporting,,,bait,
sporting,,,bicycle,
sporting,,,blade,
sporting,,,camp,
sporting,,,clothing,
sporting,,,compression,
sporting,,,cooking,
sporting,,,deck,
sporting,,,figure,
sporting,,,fly,
sporting,,,gun,
sporting,,,gym,
sporting,,,hockey,
sporting,,,kitesurfing,
sporting,,,lace,
sporting,,,lawn,
sporting,,,navigational,
sporting,,,parachute,
sporting,,,paragliders,
sporting,,,pickleball,
sporting,,,pitching,
sporting,,,platform,
sporting,,,pole,
sporting,,,pommel,
sporting,,,portable,
sporting,,,practice,
sporting,,,protective,
sporting,,,racquet,
sporting,,,racquetball,
sporting,,,relay,
sporting,,,riding,
sporting,,,saddle,
sporting,,,scuba,
sporting,,,shoe,
sporting,,,skiing,
sporting,,,sled,
sporting,,,sleeping,
sporting,,,snowball,
sporting,,,snowboarding,
sporting,,,snowshoe,
sporting,,,snowshoeing,
sporting,,,spur,
sporting,,,stable,
sporting,,,starter,
sporting,,,surfing,
sporting,,,tackle,
sporting,,,tactical,
sporting,,,tent,
sporting,,,tetherball,
sporting,,,tool,
sporting,,,towed,
sporting,,,trekking,
sporting,,,wakeboarding,
sporting,,,windsurfing,
sporting,,,,bite
sporting,,,,boat
sporting,,,,canoe
sporting,,,,chalk
sporting,,,,child
sporting,,,,drysuits | wetsuits
sporting,,,,elbow
sporting,,,,fishfinders
sporting,,,,glove | helmet
sporting,,,,goalie
sporting,,,,inner
sporting,,,,kayak
sporting,,,,kickboards
sporting,,,,kneeboards
sporting,,,,life
sporting,,,,paddle
sporting,,,,paddleboards
sporting,,,,paddleboards | paddle
sporting,,,,pedal
sporting,,,,plier
sporting,,,,pontoon
sporting,,,,pulley
sporting,,,,raft
sporting,,,,rash
sporting,,,,rope
sporting,,,,row
sporting,,,,surf
sporting,,,,surfboard
sporting,,,,swim
sporting,,,,towable
sporting,,,,wakeboard
sporting,,,,wetsuit
sporting,,,,whitewater
sporting,,,,
toy | baby,activity | diapering | transport,alphabet | sorting,,
toy | baby,activity | diapering | transport,mobile | bouncer | jumper | soothers,,
toy | baby,activity | diapering | transport,pacifier,,
toy | baby,activity | diapering | transport,play,,
toy | baby,activity | diapering | transport,safety | pet,,
toy | baby,activity | diapering | transport,toddler | carrier | stroller,,
toy | baby,activity | diapering | transport,,,
toy | baby,diapering,changing,,
toy | baby,diapering,diaper,,
toy | baby,diapering,potty,,
toy | baby,diapering,wipe,,
toy | baby,diapering,,,
toy | baby,feeding | safety | health | transport | accessory,activity | alphabet | book | soothers | bath,block,
toy | baby,feeding | safety | health | transport | accessory,activity | alphabet | book | soothers | bath,plush,
toy | baby,feeding | safety | health | transport | accessory,activity | alphabet | book | soothers | bath,rattle,
toy | baby,feeding | safety | health | transport | accessory,activity | alphabet | book | soothers | bath,,
toy | baby,feeding | safety | health | transport | accessory,bath | scale | shampoo,,
toy | baby,feeding | safety | health | transport | accessory,bathing,,
toy | baby,feeding | safety | health | transport | accessory,bib,,
toy | baby,feeding | safety | health | transport | accessory,bottle | nursing,bag,
toy | baby,feeding | safety | health | transport | accessory,bottle | nursing,breast,
toy | baby,feeding | safety | health | transport | accessory,bottle | nursing,drying,
toy | baby,feeding | safety | health | transport | accessory,bottle | nursing,nipple,
toy | baby,feeding | safety | health | transport | accessory,bottle | nursing,pad,
toy | baby,feeding | safety | health | transport | accessory,bottle | nursing,pillow,
toy | baby,feeding | safety | health | transport | accessory,bottle | nursing,sterilizer,
toy | baby,feeding | safety | health | transport | accessory,bottle | nursing,warmer,
toy | baby,feeding | safety | health | transport | accessory,bottle | nursing,,
toy | baby,feeding | safety | health | transport | accessory,bottle | supply,formula,
toy | baby,feeding | safety | health | transport | accessory,bottle | supply,sealing,
toy | baby,feeding | safety | health | transport | accessory,bottle | supply,toddler,
toy | baby,feeding | safety | health | transport | accessory,bottle | supply,,
toy | baby,feeding | safety | health | transport | accessory,food | chair,,
toy | baby,feeding | safety | health | transport | accessory,highchair,,
toy | baby,feeding | safety | health | transport | accessory,keepsake,,
toy | baby,feeding | safety | health | transport | accessory,play | activity | swing | bouncer | jumper,,
toy | baby,feeding | safety | health | transport | accessory,product,,
toy | baby,feeding | safety | health | transport | accessory,proofing | pacifier | cover | thermometer | grooming,harness,
toy | baby,feeding | safety | health | transport | accessory,proofing | pacifier | cover | thermometer | grooming,hearing,
toy | baby,feeding | safety | health | transport | accessory,proofing | pacifier | cover | thermometer | grooming,nasal,
toy | baby,feeding | safety | health | transport | accessory,proofing | pacifier | cover | thermometer | grooming,shopping,
toy | baby,feeding | safety | health | transport | accessory,proofing | pacifier | cover | thermometer | grooming,teethers,
toy | baby,feeding | safety | health | transport | accessory,proofing | pacifier | cover | thermometer | grooming,,
toy | baby,feeding | safety | health | transport | accessory,soap | skin,,
toy | baby,feeding | safety | health | transport | accessory,stationary,,
toy | baby,feeding | safety | health | transport | accessory,stroller,,
toy | baby,feeding | safety | health | transport | accessory,stroller | seat,backpack,
toy | baby,feeding | safety | health | transport | accessory,stroller | seat,booster,
toy | baby,feeding | safety | health | transport | accessory,stroller | seat,convertible,
toy | baby,feeding | safety | health | transport | accessory,stroller | seat,footmuffs,
toy | baby,feeding | safety | health | transport | accessory,stroller | seat,head,
toy | baby,feeding | safety | health | transport | accessory,stroller | seat,hip,
toy | baby,feeding | safety | health | transport | accessory,stroller | seat,hook,
toy | baby,feeding | safety | health | transport | accessory,stroller | seat,infant,
toy | baby,feeding | safety | health | transport | accessory,stroller | seat,liner,
toy | baby,feeding | safety | health | transport | accessory,stroller | seat,organizer,
toy | baby,feeding | safety | health | transport | accessory,stroller | seat,sling,
toy | baby,feeding | safety | health | transport | accessory,stroller | seat,soft,
toy | baby,feeding | safety | health | transport | accessory,stroller | seat,wrap,
toy | baby,feeding | safety | health | transport | accessory,stroller | seat,,
toy | baby,feeding | safety | health | transport | accessory,utensil,bowl,
toy | baby,feeding | safety | health | transport | accessory,utensil,,
toy | baby,feeding | safety | health | transport | accessory,,,
toy | baby,microconsoles,,,
toy | baby,nursery,bedding,,
toy | baby,nursery,cor,,
toy | baby,nursery,decor,,
toy | baby,nursery,furniture,bassinet,
toy | baby,nursery,furniture,dresser,
toy | baby,nursery,furniture,,
toy | baby,nursery,,bed,
toy | baby,nursery,,crib,
toy | baby,nursery,,duvet,
toy | baby,nursery,,mattress,
toy | baby,nursery,,quilt,
toy | baby,nursery,,,
toy | baby,play | game | outdoor | accessory | sport,card | dvd | collection | stacking,role,
toy | baby,play | game | outdoor | accessory | sport,card | dvd | collection | stacking,,
toy | baby,play | game | outdoor | accessory | sport,child | flash,,
toy | baby,play | game | outdoor | accessory | sport,doll,,
toy | baby,play | game | outdoor | accessory | sport,early,,
toy | baby,play | game | outdoor | accessory | sport,flying | viewfinder | nesting,,
toy | baby,play | game | outdoor | accessory | sport,pool | product | ball,beach,
toy | baby,play | game | outdoor | accessory | sport,pool | product | ball,child | swimming,
toy | baby,play | game | outdoor | accessory | sport,pool | product | ball,hopping,
toy | baby,play | game | outdoor | accessory | sport,pool | product | ball,,
toy | baby,play | game | outdoor | accessory | sport,pretend,,
toy | baby,play | game | outdoor | accessory | sport,pretend | doll | remote | vehicle | activity,air | kite | glider,
toy | baby,play | game | outdoor | accessory | sport,pretend | doll | remote | vehicle | activity,ant | astronomy | bug | educational | reading,
toy | baby,play | game | outdoor | accessory | sport,pretend | doll | remote | vehicle | activity,ball | bubble | fingerboard | coiled | marble,hula
toy | baby,play | game | outdoor | accessory | sport,pretend | doll | remote | vehicle | activity,ball | bubble | fingerboard | coiled | marble,
toy | baby,play | game | outdoor | accessory | sport,pretend | doll | remote | vehicle | activity,block | set,
toy | baby,play | game | outdoor | accessory | sport,pretend | doll | remote | vehicle | activity,car | train | airplane | boat | helicopter,
toy | baby,play | game | outdoor | accessory | sport,pretend | doll | remote | vehicle | activity,dough | drawing,
toy | baby,play | game | outdoor | accessory | sport,pretend | doll | remote | vehicle | activity,kaleidoscope | prism,
toy | baby,play | game | outdoor | accessory | sport,pretend | doll | remote | vehicle | activity,kitchen | money | electronics | housekeeping | lawn,cookware
toy | baby,play | game | outdoor | accessory | sport,pretend | doll | remote | vehicle | activity,kitchen | money | electronics | housekeeping | lawn,tableware
toy | baby,play | game | outdoor | accessory | sport,pretend | doll | remote | vehicle | activity,kitchen | money | electronics | housekeeping | lawn,
toy | baby,play | game | outdoor | accessory | sport,pretend | doll | remote | vehicle | activity,magnet | instrument,
toy | baby,play | game | outdoor | accessory | sport,pretend | doll | remote | vehicle | activity,puppet | figure | dollhouse | paper,
toy | baby,play | game | outdoor | accessory | sport,pretend | doll | remote | vehicle | activity,riding | hobby | wagon,
toy | baby,play | game | outdoor | accessory | sport,pretend | doll | remote | vehicle | activity,,
toy | baby,play | game | outdoor | accessory | sport,reading,,
toy | baby,play | game | outdoor | accessory | sport,set | card | poker | dice | tile,chip,
toy | baby,play | game | outdoor | accessory | sport,set | card | poker | dice | tile,,
toy | baby,play | game | outdoor | accessory | sport,statue,,
toy | baby,play | game | outdoor | accessory | sport,trading,,
toy | baby,play | game | outdoor | accessory | sport,vehicle | kid,train,
toy | baby,play | game | outdoor | accessory | sport,vehicle | kid,truck | construction,
toy | baby,play | game | outdoor | accessory | sport,vehicle | kid,,
toy | baby,play | game | outdoor | accessory | sport,water | swing | inflatable | trampoline | slide,park,
toy | baby,play | game | outdoor | accessory | sport,water | swing | inflatable | trampoline | slide,sprinkers,
toy | baby,play | game | outdoor | accessory | sport,water | swing | inflatable | trampoline | slide,,
toy | baby,play | game | outdoor | accessory | sport,,,
toy | baby,puppet,,,
toy | baby,seat,,,
toy | baby,tricycle,,,
toy | baby,,atari,,
toy | baby,,birthday,,
toy | baby,,bottle,,
toy | baby,,burp,,
toy | baby,,cupcake,,
toy | baby,,gamecube,,
toy | baby,,jigsaw,,
toy | baby,,kid,,
toy | baby,,nintendo,,
toy | baby,,playstation,,
toy | baby,,sega,,
toy | baby,,sippy,,
toy | baby,,sony,,
toy | baby,,super,,
toy | baby,,turbografx,,
toy | baby,,wii,,
toy | baby,,wooden,,
toy | baby,,xbox,,
toy | baby,,,,
